ID,Start time,Completion time,Finding the DMP template in the TU/e Research Cockpit was easy ,The process of completing my DMP was easy ,The instructions and guidance provided by the system were clear,Did you have contact with a data steward? ,How helpful was the advice of the data steward? ,"If you could change anything about the DMP experience, what would it be? "
5,4/30/26 14:07,4/30/26 14:08,Agree,Neutral,Neutral,No,,REDACTED
6,4/30/26 14:07,4/30/26 14:09,Neutral,Agree,Disagree,No,,REDACTED
7,4/30/26 14:12,4/30/26 14:12,Agree,Agree,Agree,Yes,4,REDACTED
8,4/30/26 14:13,4/30/26 14:13,Agree,Agree,Agree,Yes,5,REDACTED
9,4/30/26 14:12,4/30/26 14:14,Agree,Agree,Agree,Yes,5,REDACTED
10,4/30/26 14:13,4/30/26 14:16,Neutral,Neutral,Neutral,Yes,5,REDACTED
11,4/30/26 14:14,4/30/26 14:16,Agree,Agree,Neutral,No,,REDACTED
12,4/30/26 14:17,4/30/26 14:17,Strongly Disagree,Strongly Disagree,Strongly Disagree,Yes,4,REDACTED
13,4/30/26 14:14,4/30/26 14:17,Disagree,Neutral,Neutral,Yes,5,REDACTED
14,4/30/26 14:17,4/30/26 14:21,Agree,Disagree,Neutral,No,,REDACTED
15,4/30/26 14:16,4/30/26 14:21,Strongly Agree,Strongly Agree,Strongly Disagree,Yes,1,REDACTED
16,4/30/26 14:20,4/30/26 14:21,Strongly Agree,Disagree,Strongly Disagree,Yes,5,REDACTED
17,4/30/26 14:16,4/30/26 14:23,Agree,Disagree,Disagree,Yes,5,REDACTED
18,4/30/26 14:22,4/30/26 14:23,Disagree,Agree,Neutral,Yes,4,REDACTED
19,4/30/26 14:26,4/30/26 14:27,Disagree,Agree,Agree,No,,REDACTED
20,4/30/26 14:28,4/30/26 14:28,Strongly Agree,Agree,Strongly Agree,Yes,5,REDACTED
21,4/30/26 14:32,4/30/26 14:34,Neutral,Neutral,Neutral,Yes,5,REDACTED
22,4/30/26 14:39,4/30/26 14:42,Disagree,Agree,Neutral,Yes,4,REDACTED
23,4/30/26 14:37,4/30/26 14:43,Strongly Disagree,Agree,Disagree,Yes,5,REDACTED
24,4/30/26 14:45,4/30/26 14:46,Agree,Agree,Neutral,No,,REDACTED
25,4/30/26 14:55,4/30/26 15:01,Strongly Agree,Neutral,Neutral,Yes,5,REDACTED
26,4/30/26 15:05,4/30/26 15:06,Agree,Agree,Agree,Yes,5,REDACTED
27,4/30/26 14:51,4/30/26 15:08,Agree,Agree,Neutral,Yes,4,REDACTED
28,4/30/26 15:06,4/30/26 15:08,Agree,Agree,Disagree,Yes,5,REDACTED
29,4/30/26 15:09,4/30/26 15:09,Agree,Agree,Neutral,Yes,4,REDACTED
30,4/30/26 15:09,4/30/26 15:10,Agree,Agree,Strongly Agree,Yes,5,REDACTED
31,4/30/26 15:12,4/30/26 15:15,Agree,Strongly Agree,Agree,Yes,4,REDACTED
32,4/30/26 14:19,4/30/26 15:24,Agree,Agree,Agree,No,,REDACTED
33,4/30/26 15:24,4/30/26 15:26,Neutral,Strongly Agree,Strongly Agree,No,,REDACTED
34,4/30/26 15:26,4/30/26 15:26,Strongly Agree,Agree,Strongly Agree,Yes,4,REDACTED
35,4/30/26 15:36,4/30/26 15:37,Agree,Agree,Agree,No,,REDACTED
36,4/30/26 15:37,4/30/26 15:39,Agree,Strongly Agree,Strongly Agree,No,,REDACTED
37,4/30/26 15:39,4/30/26 15:40,Strongly Agree,Strongly Agree,Agree,No,,REDACTED
38,4/30/26 15:45,4/30/26 15:46,Disagree,Neutral,Disagree,No,,REDACTED
39,4/30/26 15:54,4/30/26 15:54,Agree,Neutral,Agree,No,,REDACTED
40,4/30/26 16:00,4/30/26 16:00,Agree,Agree,Agree,Yes,5,REDACTED
41,4/30/26 16:00,4/30/26 16:00,Agree,Agree,Agree,No,,REDACTED
42,4/30/26 16:05,4/30/26 16:09,Agree,Agree,Agree,Yes,5,REDACTED
43,4/30/26 16:19,4/30/26 16:20,Strongly Disagree,Disagree,Neutral,Yes,5,REDACTED
44,4/30/26 16:35,4/30/26 16:36,Strongly Agree,Strongly Agree,Strongly Agree,Yes,5,REDACTED
45,4/30/26 16:58,4/30/26 17:00,Strongly Agree,Disagree,Agree,Yes,4,REDACTED
46,4/30/26 16:50,4/30/26 17:00,Strongly Agree,Strongly Agree,Agree,Yes,5,REDACTED
47,4/30/26 17:01,4/30/26 17:02,Agree,Agree,Neutral,No,,REDACTED
48,4/30/26 17:22,4/30/26 17:23,Neutral,Agree,Neutral,Yes,5,REDACTED
49,4/30/26 17:24,4/30/26 17:24,Disagree,Agree,Neutral,Yes,3,REDACTED
50,4/30/26 14:07,4/30/26 17:41,Agree,Agree,Neutral,Yes,5,REDACTED
51,4/30/26 18:01,4/30/26 18:04,Agree,Agree,Agree,Yes,5,REDACTED
52,4/30/26 18:20,4/30/26 18:20,Agree,Agree,Strongly Agree,Yes,4,REDACTED
53,4/30/26 19:08,4/30/26 19:11,Neutral,Neutral,Agree,Yes,5,REDACTED
54,4/30/26 19:49,4/30/26 19:59,Agree,Neutral,Disagree,Yes,3,REDACTED
55,4/30/26 20:33,4/30/26 20:33,Strongly Agree,Agree,Strongly Agree,No,,REDACTED
56,5/1/26 6:21,5/1/26 6:23,Neutral,Agree,Neutral,Yes,5,REDACTED
57,5/1/26 9:23,5/1/26 9:23,Strongly Agree,Strongly Agree,Agree,Yes,5,REDACTED
58,5/1/26 9:30,5/1/26 9:31,Agree,Agree,Neutral,Yes,3,REDACTED
59,5/1/26 10:32,5/1/26 10:32,Neutral,Neutral,Agree,No,,REDACTED
60,5/1/26 11:28,5/1/26 11:29,Agree,Strongly Agree,Agree,Yes,5,REDACTED
61,5/1/26 15:53,5/1/26 15:53,Neutral,Agree,Agree,Yes,5,REDACTED
62,5/1/26 16:32,5/1/26 16:35,Strongly Agree,Agree,Agree,Yes,5,REDACTED
63,5/1/26 21:43,5/1/26 21:50,Strongly Disagree,Strongly Disagree,Strongly Disagree,No,,REDACTED
64,5/2/26 10:50,5/2/26 10:50,Strongly Disagree,Agree,Agree,Yes,5,REDACTED
65,5/3/26 14:16,5/3/26 14:17,Agree,Agree,Neutral,Yes,5,REDACTED
66,5/4/26 8:13,5/4/26 8:14,Strongly Agree,Strongly Agree,Strongly Agree,Yes,5,REDACTED
67,5/4/26 8:59,5/4/26 9:00,Strongly Agree,Strongly Agree,Agree,Yes,5,REDACTED
68,5/4/26 10:25,5/4/26 10:26,Strongly Agree,Neutral,Neutral,Yes,5,REDACTED
69,5/4/26 11:10,5/4/26 11:11,Neutral,Disagree,Strongly Disagree,Yes,3,REDACTED
70,5/4/26 11:51,5/4/26 11:52,Strongly Disagree,Neutral,Strongly Disagree,No,,REDACTED
71,5/4/26 13:11,5/4/26 13:11,Agree,Agree,Agree,Yes,4,REDACTED
72,5/4/26 15:18,5/4/26 15:22,Agree,Neutral,Disagree,Yes,4,REDACTED
73,5/4/26 15:30,5/4/26 15:32,Agree,Neutral,Disagree,Yes,5,REDACTED
74,5/5/26 10:33,5/5/26 10:34,Strongly Agree,Agree,Strongly Agree,Yes,5,REDACTED
75,5/5/26 22:01,5/5/26 22:01,Neutral,Neutral,Agree,No,,REDACTED
76,5/6/26 9:36,5/6/26 13:49,Neutral,Disagree,Disagree,Yes,5,REDACTED
77,5/7/26 11:10,5/7/26 11:17,Agree,Agree,Agree,Yes,3,REDACTED
78,5/13/26 14:44,5/13/26 14:45,Strongly Agree,Agree,Agree,Yes,5,REDACTED